-14.9938,-9.9064,-44.6398,992322127423292
-15.0182,-9.7844,-44.237198,992322137424675
-15.0914,-9.8698,-44.944798,992322147408644
-14.6765995,-9.2354,-44.6764,992322157424473
-14.4692,-9.6868,-44.9936,992322167424513
-14.7498,-9.698999,-45.3718,992322177408482
-14.1398,-9.1866,-45.0302,992322187422968
-14.5546,-9.6258,-45.2986,992322197410435
-14.542399,-9.577,-45.2986,992322207424270
-14.5789995,-9.638,-44.786198,992322217424393
-14.0666,-9.4428,-44.835,992322227424230
-14.4326,-9.5404,-45.408398,992322237424271
-14.091,-9.5648,-44.225,992322247423864
-14.5789995,-9.7234,-44.8838,992322257422318
-14.212999,-9.5404,-45.8354,992322267424109
-14.274,-9.4428,-44.8106,992322277423784
-14.884,-9.6258,-44.7618,992322287422156
-14.347199,-9.9186,-45.201,992322297427813
-14.151999,-9.5526,-44.9204,992322307410397
-13.6518,-9.6502,-44.871597,992322317441566
-14.5789995,-10.187,-45.079,992322327420367
-13.8348,-9.9796,-45.3474,992322337409747
-14.6644,-9.4672,-45.1888,992322347421141
-14.457,-9.638,-45.103397,992322357407713
-14.2862,-9.2842,-44.712997,992322367407958
-13.6396,-9.4184,-45.384,992322377407958
-14.0666,-9.7355995,-44.835,992322387423746
-13.5176,-9.9307995,-45.884197,992322397423665
-13.969,-9.7112,-44.7374,992322407423584
-13.785999,-9.698999,-44.554398,992322417423543
-13.785999,-9.882,-44.7496,992322427423503
-14.091,-9.6624,-44.4202,992322437407430
-13.493199,-10.37,-44.6764,992322447421876
-13.1882,-10.1016,-44.5056,992322457438599
-13.4688,-10.736,-44.871597,992322467438966
-13.481,-10.2114,-44.6764,992322477419394
-13.066199,-10.8214,-45.1156,992322487438926
-13.7738,-10.1748,-44.652,992322497438763
-13.1394,-10.0772,-45.5182,992322507419965
-13.163799,-10.3822,-45.0058,992322517438764
-12.8344,-10.6872,-45.5304,992322527423098
-13.785999,-10.711599,-44.7496,992322537423058
-14.2984,-10.516399,-45.0058,992322547422936
-13.7738,-10.5652,-45.0546,992322557422936
-13.7738,-10.1748,-45.0546,992322567423059
-13.7738,-10.4066,-44.957,992322577421350
-13.883599,-10.3334,-44.944798,992322587422896
-13.7616,-10.516399,-45.249798,992322597422815
-13.969,-10.4798,-45.2376,992322607407190
-13.5542,-10.2358,-45.0668,992322617422612
-13.9567995,-10.4432,-45.14,992322627422531
-13.5664,-10.4798,-45.2742,992322637421229
-13.8592,-10.6384,-45.14,992322647422450
-13.969,-10.6384,-45.0302,992322657422247
-13.9446,-10.418799,-45.445,992322667422410
-13.664,-10.8336,-45.0546,992322677422410
-13.664,-10.5774,-45.4694,992322687422533
-13.5542,-10.6018,-45.2742,992322697421027
-13.2858,-10.6262,-44.591,992322707431078
-13.5664,-10.8214,-45.1644,992322717406827
-13.3468,-10.736,-45.493797,992322727413460
-13.3712,-10.5896,-45.1888,992322737401985
-13.2858,-10.6018,-44.6886,992322747406421
-13.2736,-10.5042,-45.091198,992322757406299
-13.785999,-10.858,-44.944798,992322767406218
-13.590799,-11.1874,-45.0668,992322777406625
-13.7982,-11.1874,-44.835,992322787417978
-13.2736,-10.8214,-44.786198,992322797418263
-13.066199,-10.9922,-45.2132,992322807418426
-13.590799,-10.8702,-44.957,992322817418141
-13.0418,-11.1751995,-45.713398,992322827418060
-13.3834,-11.346,-45.176598,992322837417694
-13.3224,-11.467999,-44.3714,992322847417898
-13.5054,-11.285,-44.5666,992322857421764
-13.3224,-11.1142,-44.1762,992322867421683
-13.3834,-11.565599,-45.2742,992322877421846
-13.493199,-11.565599,-45.0668,992322887421642
-13.2126,-11.7242,-44.481197,992322897420096
-13.4321995,-11.8218,-44.5666,992322907421602
-13.1882,-11.1874,-44.7984,992322917421603
-13.2126,-11.8462,-44.6764,992322927421521
-13.590799,-10.8946,-44.7618,992322937421400
-13.0784,-11.2727995,-45.103397,992322947400485
-13.297999,-11.102,-44.9936,992322957426975
-12.870999,-11.6022,-45.1156,992322967437147
-13.005199,-11.7364,-44.7984,992322977437229
-13.005199,-11.2118,-44.408,992322987425836
-12.5904,-11.4436,-44.944798,992322997437148
-13.005199,-11.59,-44.8106,992323007420140
-12.5904,-11.3948,-44.7374,992323017419693
-12.2732,-11.7973995,-44.9692,992323027421036
-11.8462,-11.4558,-45.2132,992323037420914
-12.6026,-11.6388,-44.7374,992323047404923
-12.285399,-11.5412,-44.9692,992323057420467
-12.2732,-11.9682,-45.2742,992323067420630
-12.187799,-12.017,-45.176598,992323077420833
-12.2732,-11.431399,-45.2742,992323087419328
-12.3708,-11.6876,-45.261997,992323097420671
-12.1756,-11.4436,-44.8838,992323107399228
-12.4928,-11.565599,-44.8472,992323117420590
-12.993,-12.017,-45.3108,992323127431048
-12.3952,-11.7364,-44.957,992323137405047
-12.688,-11.8706,-45.0302,992323147406187
-12.7978,-12.090199,-44.8106,992323157410093
-12.8954,-11.6998,-44.8106,992323167422748
-12.8466,-11.8949995,-43.798,992323177408303
-13.2126,-12.053599,-44.6764,992323187404438
-13.0906,-12.2122,-45.2986,992323197404723
-13.1882,-11.5412,-44.9936,992323207404723
-13.5176,-12.1268,-44.859398,992323217404479
-12.7978,-12.1024,-44.8106,992323227404520
-12.7612,-11.7486,-45.2254,992323237411194
-12.8832,-11.8096,-45.017998,992323247404033
-12.749,-11.4802,-45.5304,992323257404074
-12.688,-11.9804,-44.9326,992323267419984
-12.675799,-11.8828,-45.1278,992323277415874
-12.809999,-12.2122,-44.6154,992323287416607
-12.8222,-11.760799,-44.005398,992323297416078
-12.4684,-11.2972,-44.957,992323307416363
-12.5904,-11.626599,-44.7374,992323317435813
-12.578199,-11.5168,-45.0424,992323327435895
-12.8588,-12.2244,-45.408398,992323337433861
-13.115,-11.9316,-44.3836,992323347403832
-13.1882,-11.9072,-44.9814,992323357419498
-13.115,-11.3948,-44.286,992323367419539
-13.1882,-11.9925995,-44.9814,992323377419539
-13.2858,-12.443999,-45.481598,992323387415022
-13.2126,-12.2,-44.468998,992323397401758
-13.724999,-11.858399,-44.4324,992323407414291
-13.6152,-11.773,-44.5422,992323417419458
-13.005199,-11.9316,-44.7984,992323427419459
-13.102799,-11.834,-44.9936,992323437404973
-13.2126,-11.9804,-44.786198,992323447423935
-13.2248,-11.8828,-44.481197,992323457434840
-13.1272,-11.712,-44.078598,992323467433010
-13.2248,-11.7973995,-44.5788,992323477409369
-13.4566,-11.651,-43.9566,992323487435370
-12.8222,-12.139,-44.6154,992323497435045
-12.688,-11.8218,-44.835,992323507419094
-12.7123995,-11.773,-44.53,992323517419054
-12.6147995,-11.955999,-44.53,992323527418810
-12.8954,-12.0292,-45.1156,992323537417061
-12.6026,-11.9438,-44.835,992323547434965
-13.1272,-12.151199,-44.591,992323557412178
-12.9808,-11.6876,-45.0058,992323567406767
-13.2248,-12.4196,-44.6764,992323577419422
-12.9198,-11.955999,-44.5056,992323587405954
-13.5176,-12.017,-44.4446,992323597407541
-12.9198,-12.1268,-44.395798,992323607402984
-13.3102,-12.1146,-44.871597,992323617402943
-13.2126,-12.3952,-44.774,992323627402862
-13.2369995,-12.151199,-44.3714,992323637403147
-13.724999,-11.7973995,-44.3348,992323647403392
-13.603,-12.1146,-45.1522,992323657402619
-13.4078,-12.078,-44.554398,992323667402497
-13.8104,-12.2976,-44.8228,992323677402416
-13.7372,-12.5294,-44.4202,992323687402538
-13.847,-12.3098,-44.0176,992323697419099
-13.7494,-12.627,-44.322598,992323707402335
-13.1272,-12.578199,-44.2738,992323717418286
-13.627399,-12.322,-44.7374,992323727416699
-13.5176,-12.382999,-44.5422,992323737418164
-13.7128,-12.382999,-44.9326,992323747417880
-13.7128,-12.3708,-44.835,992323757418165
-13.627399,-12.2244,-44.237198,992323767417921
-14.0422,-12.322,-44.5056,992323777414422
-14.3228,-12.505,-44.9814,992323787414504
-13.8104,-12.1024,-44.627598,992323797448521
-13.627399,-12.322,-44.4324,992323807433506
-13.6518,-12.2366,-44.1274,992323817433669
-13.7982,-12.5538,-45.1278,992323827433670
-13.920199,-12.1146,-44.6154,992323837417597
-13.6518,-12.322,-43.7248,992323847417353
-13.8348,-12.8832,-44.6154,992323857415889
-13.724999,-12.5538,-44.627598,992323867417435
-13.7128,-12.3708,-44.7374,992323877417354
-14.2252,-12.2976,-44.481197,992323887417517
-13.5176,-12.7246,-44.6398,992323897401567
-14.2374,-12.627,-44.5788,992323907417477
-14.151999,-12.3586,-44.1884,992323917415850
-13.8348,-12.2366,-44.5178,992323927417315
-14.4936,-12.5171995,-43.6516,992323937432899
-14.5668,-12.4684,-44.1518,992323947418983
-14.8596,-12.8344,-44.4202,992323957432981
-14.4936,-12.3952,-43.3466,992323967451414
-14.6765995,-12.688,-44.1396,992323977421385
-14.969399,-12.870999,-44.1152,992323987422118
-14.871799,-12.7612,-44.225,992323997413776
-14.7864,-12.870999,-43.8224,992324007400959
-15.2987995,-12.7978,-43.773598,992324017403686
-14.5912,-12.7002,-43.737,992324027401041
-14.871799,-12.8466,-44.1152,992324037401245
-15.189,-12.8588,-43.8834,992324047401082
-14.871799,-12.4928,-43.92,992324057400920
-14.871799,-12.7368,-43.7126,992324067400961
-14.7741995,-12.968599,-44.0298,992324077400961
-14.762,-12.627,-44.0298,992324087416464
-14.8596,-12.627,-44.1274,992324097416790
-14.5668,-13.176,-44.237198,992324107415325
-14.1642,-12.688,-43.8834,992324117416628
-15.0792,-13.0174,-44.2006,992324127416465
-14.871799,-13.066199,-44.1152,992324137416506
-14.6765995,-13.261399,-43.8224,992324147416099
-14.639999,-12.7978,-44.4446,992324157420901
-14.9572,-12.5171995,-44.2128,992324167416263
-14.8962,-12.9808,-43.92,992324177414920
-14.9938,-13.0418,-43.700397,992324187416507
-14.762,-13.3224,-44.4202,992324197416345
-14.7864,-13.200399,-43.614998,992324207416020
-14.9938,-13.2248,-43.9078,992324217416305
-14.884,-13.200399,-43.9078,992324227416101
-15.2866,-13.115,-43.773598,992324237414596
-15.7136,-13.2858,-43.9444,992324247415776
-15.189,-13.481,-43.981,992324257415899
-14.8596,-13.3468,-44.4202,992324267415818
-15.0548,-13.359,-44.6032,992324277415940
-15.0792,-13.102799,-43.8956,992324287416795
-15.0792,-13.115,-43.9932,992324297414394
-15.189,-12.932,-43.8834,992324307415900
-14.9816,-13.2126,-44.005398,992324317415900
-15.164599,-12.8222,-44.2982,992324327415697
-15.1036,-13.1882,-43.4808,992324337415738
-14.762,-12.627,-44.237198,992324347415372
-15.006,-12.7123995,-43.5052,992324357394458
-15.066999,-12.675799,-44.408,992324367413948
-15.066999,-12.8344,-44.2982,992324377415658
-14.7864,-12.675799,-43.8224,992324387415332
-14.6522,-12.346399,-44.347,992324397410613
-15.262199,-12.8344,-44.3836,992324407400888
-14.798599,-12.932,-43.614998,992324417399301
-14.5546,-13.200399,-44.347,992324427411061
-14.444799,-12.809999,-44.4568,992324437412729
-14.4814,-12.9442,-43.9566,992324447411712
-14.6765995,-13.1272,-44.237198,992324457421193
-14.4692,-12.809999,-43.9566,992324467406342
-14.6765995,-12.8832,-43.932198,992324477411347
-14.762,-12.7368,-44.3348,992324487411713
-14.762,-12.9198,-44.4324,992324497399018
-14.5912,-12.7612,-43.541798,992324507399303
-13.9567995,-12.9808,-44.2006,992324517398897
-14.5668,-12.7123995,-43.9444,992324527399223
-14.2618,-12.078,-43.981,992324537399670
-13.847,-12.6147995,-44.1152,992324547398938
-13.8348,-12.346399,-44.4202,992324557398857
-14.310599,-12.578199,-44.9814,992324567414889
-13.9446,-12.2244,-44.408,992324577398858
-13.822599,-12.4074,-44.6154,992324587398858
-13.005199,-12.4684,-44.9936,992324597405979
-13.297999,-12.2122,-44.9692,992324607414850
-13.3102,-12.5538,-44.9692,992324617413304
-13.102799,-12.5416,-44.6764,992324627414769
-13.42,-12.382999,-44.652,992324637414606
-12.907599,-12.2732,-44.700798,992324647398737
-12.7612,-12.5171995,-45.5182,992324657414607
-13.102799,-11.8949995,-44.6886,992324667414444
-13.5054,-12.1268,-45.1644,992324677398535
-13.2858,-11.9925995,-45.079,992324687399064
-12.5904,-12.2366,-44.7252,992324697413957
-13.297999,-12.480599,-45.176598,992324707392472
-12.8954,-12.3586,-45.0058,992324717414120
-13.42,-12.322,-44.859398,992324727414039
-12.809999,-12.285399,-44.6154,992324737411598
-12.675799,-12.285399,-45.335197,992324747401222
-12.4928,-12.1756,-44.944798,992324757411639
-12.7002,-12.1756,-44.6154,992324767429502
-13.0906,-12.285399,-44.9936,992324777420917
-12.773399,-12.248799,-45.5304,992324787430154
-12.7002,-12.480599,-44.9204,992324797429665
-13.115,-12.4928,-44.6886,992324807429422
-12.7978,-12.2976,-44.9204,992324817420022
-12.5904,-12.809999,-45.1278,992324827397724
-12.382999,-12.5416,-44.8472,992324837404520
-12.3098,-12.6514,-44.7496,992324847397603
-12.4074,-12.8832,-44.8472,992324857402120
-12.382999,-12.6392,-45.249798,992324867397481
-12.3952,-13.0296,-45.3474,992324877397685
-12.187799,-12.9442,-45.261997,992324887397807
-12.7368,-12.5294,-44.408,992324897397604
-12.3098,-12.9808,-44.7496,992324907397604
-12.2,-12.4196,-44.9692,992324917409649
-11.9682,-12.8344,-45.5914,992324927410300
-12.090199,-13.200399,-45.0668,992324937410016
-11.8828,-13.102799,-45.091198,992324947409894
-11.7973995,-12.870999,-44.896,992324957409609
-11.6876,-12.932,-44.9082,992324967409569
-12.0048,-13.054,-44.9814,992324977409691
-11.9925995,-13.2492,-45.176598,992324987397159
-11.3948,-13.0296,-45.1278,992324997413069
-11.3948,-13.1516,-45.0302,992325007400008
-11.3094,-12.4196,-44.5422,992325017412988
-10.9922,-12.8832,-45.0668,992325027396956
-10.906799,-13.5054,-44.6642,992325037396875
-11.7364,-13.2126,-44.4934,992325047409286
-11.3094,-13.176,-45.0424,992325057411036
-11.4192,-13.297999,-44.7252,992325067410873
-11.59,-13.3468,-45.4206,992325077412338
-11.0166,-13.5664,-44.652,992325087412379
-10.8946,-13.5176,-45.0668,992325097412380
-10.797,-12.907599,-44.5788,992325107412339
-10.8824,-13.7006,-45.3718,992325117412258
-10.5774,-13.4566,-45.408398,992325127412218
-10.492,-13.542,-45.103397,992325137410957
-10.0772,-13.6152,-45.249798,992325147411974
-10.492,-13.5542,-45.103397,992325157412218
-9.9552,-12.9442,-45.4694,992325167412056
-9.9552,-13.42,-45.7622,992325177412015
-10.1992,-13.481,-44.9326,992325187412097
-9.882,-13.529799,-45.0546,992325197410470
-10.089399,-13.054,-44.8472,992325207418201
-10.1748,-13.2492,-45.3474,992325217411813
-9.6624,-13.3468,-45.384,992325227412179
-9.991799,-13.4321995,-44.944798,992325237412302
-10.2724,-13.3468,-45.640198,992325247408233
-10.187,-13.261399,-45.0424,992325257408193
-10.1504,-13.0296,-45.75,992325267409739
-9.5648,-12.9808,-45.201,992325277392812
-9.4916,-13.261399,-44.6886,992325287418895
-9.6502,-13.493199,-45.994,992325297407990
-9.894199,-13.200399,-44.9692,992325307429149
-9.76,-13.261399,-45.5792,992325317395906
-9.882,-13.4566,-45.4694,992325327395906
-9.8698,-12.773399,-45.481598,992325337396069
-9.6868,-13.0296,-44.8838,992325347395744
-9.9064,-13.297999,-44.7618,992325357395703
-10.065,-13.0906,-45.6524,992325367395703
-10.089399,-12.932,-45.0546,992325377395989
-9.577,-12.9198,-45.091198,992325387410068
-9.5526,-12.773399,-45.506,992325397411492
-9.796599,-13.115,-44.871597,992325407411492
-9.3696,-12.8832,-44.9082,992325417411452
-9.894199,-13.1882,-44.7618,992325427411411
-9.2598,-13.163799,-45.2254,992325437411371
-9.7722,-12.907599,-45.2864,992325447411168
-9.7722,-13.005199,-45.384,992325457409703
-9.394,-12.932,-44.8106,992325467411250
-9.6868,-13.200399,-45.1888,992325477411087
-9.5892,-13.1272,-45.3962,992325487411047
-9.4794,-13.6396,-45.201,992325497411006
-9.3818,-12.907599,-45.017998,992325507395422
-8.8572,-13.1882,-45.566998,992325517409501
-9.4916,-13.1272,-44.896,992325527410885
-9.1622,-12.932,-45.640198,992325537394935
-8.979199,-13.1394,-45.249798,992325547410438
-8.8694,-13.359,-45.249798,992325557410519
-8.8694,-12.9808,-45.261997,992325567410682
-8.7718,-13.2736,-45.3718,992325577409014
-8.6742,-13.493199,-45.2742,992325587410520
-8.5766,-13.7616,-45.079,992325597394570
-8.3448,-13.5176,-45.7012,992325607410928
-9.0036,-13.493199,-44.6398,992325617410602
-8.454599,-13.688399,-45.689,992325627410358
-8.662,-13.822599,-45.4694,992325637410562
-8.5766,-13.5664,-45.2742,992325647408650
-8.9914,-13.2126,-44.7374,992325657420654
-8.4668,-13.176,-45.091198,992325667406901
-8.881599,-13.8592,-44.944798,992325677402181
-8.4668,-13.2858,-45.1888,992325687415039
-8.1496,-13.5176,-45.5182,992325697394450
-8.979199,-13.664,-45.0424,992325707403769
-9.1866,-13.590799,-45.2254,992325717394329
-8.6742,-13.3834,-45.176598,992325727394614
-8.4668,-13.3712,-44.9814,992325737406658
-8.9548,-13.176,-45.6524,992325747407391
-8.588799,-13.395599,-44.774,992325757406618
-9.0646,-13.3712,-45.2376,992325767406374
-8.5766,-13.3712,-44.9814,992325777406090
-8.2716,-13.176,-44.9082,992325787405968
-8.2472,-13.603,-45.506,992325797410485
-8.5766,-13.297999,-45.176598,992325807409631
-8.5766,-13.590799,-45.2742,992325817409549
-9.076799,-12.993,-45.14,992325827409590
-8.662,-13.42,-45.1644,992325837408085
-8.6742,-13.3834,-44.871597,992325847409306
-8.4668,-13.6518,-45.079,992325857409428
-9.2109995,-13.7982,-44.712997,992325867409469
-8.3814,-13.8592,-44.8838,992325877409429
-8.8084,-13.7372,-44.7496,992325887409429
-8.6742,-13.297999,-45.0668,992325897407924
-8.7474,-13.102799,-45.6768,992325907423468
-8.967,-13.2736,-45.14,992325917425299
-9.1622,-13.627399,-45.5304,992325927425259
-8.8938,-13.0174,-44.5422,992325937425422
-9.089,-13.590799,-45.1278,992325947424608
-9.089,-13.7616,-45.0302,992325957424934
-8.979199,-13.724999,-45.14,992325967407641
-8.5644,-13.6152,-45.384,992325977409065
-8.783999,-13.8104,-45.0546,992325987409025
-9.1866,-13.7494,-45.017998,992325997408862
-9.0646,-13.1882,-45.445,992326007408659
-9.1866,-13.7494,-45.322998,992326017409025
-8.8938,-14.1276,-44.835,992326027407113
-8.6986,-13.9324,-44.652,992326037408660
-8.7962,-13.9567995,-44.7496,992326047408456
-8.783999,-13.822599,-45.0546,992326057408457
-8.9914,-14.396,-45.2376,992326067423879
-9.1988,-14.1764,-45.1156,992326077408620
-9.028,-14.3594,-44.5178,992326087397146
-8.9182,-13.969,-44.225,992326097410085
-9.6868,-14.0056,-45.2742,992326107392630
-8.9914,-14.2252,-44.9326,992326117392793
-9.406199,-13.7982,-44.896,992326127400198
-9.698999,-14.1642,-45.3718,992326137392549
-9.3208,-14.444799,-44.7984,992326147392590
-9.1988,-14.151999,-45.017998,992326157398694
-9.4916,-14.0422,-45.091198,992326167392265
-9.2476,-14.2008,-44.103,992326177392102
-9.7234,-14.4692,-44.7618,992326187392225
-8.7718,-14.2984,-45.4572,992326197392306
-9.0036,-14.0422,-44.7252,992326207392225
-9.2354,-14.3716,-44.5056,992326217392185
-9.1133995,-14.3594,-44.8228,992326227392348
-9.1012,-14.151999,-44.712997,992326237404107
-9.1133995,-13.908,-44.5178,992326247404637
-9.2109995,-14.444799,-44.700798,992326257404027
-9.2109995,-13.9934,-44.8106,992326267404312
-9.1133995,-14.1642,-44.712997,992326277404108
-9.4428,-14.518,-44.6886,992326287404149
-8.906,-14.6278,-44.835,992326297408219
-8.8206,-14.274,-44.4446,992326307407812
-9.15,-14.408199,-44.103,992326317407853
-8.845,-14.4204,-43.932198,992326327407772
-8.9182,-14.0543995,-44.7374,992326337394670
-8.6132,-13.9324,-44.4568,992326347405982
-7.7103996,-14.3594,-44.5422,992326357407569
-8.3082,-14.1032,-44.6886,992326367407447
-8.3082,-13.908,-44.591,992326377407407
-8.418,-14.1032,-44.481197,992326387407529
-8.418,-13.529799,-44.286,992326397422707
-8.5034,-14.017799,-44.774,992326407404152
-8.8328,-14.1398,-44.5422,992326417421242
-8.783999,-13.9934,-45.261997,992326427423277
-8.8206,-13.664,-44.4446,992326437423074
-8.9182,-13.8104,-44.3348,992326447403746
-8.601,-13.7982,-44.6642,992326457407775
-8.7108,-13.724999,-44.4568,992326467407246
-8.5034,-13.688399,-44.5788,992326477405497
-8.783999,-13.5054,-45.0546,992326487406921
-9.1012,-13.7006,-44.9326,992326497407044
-8.4058,-13.5054,-44.591,992326507409241
-8.588799,-13.847,-44.7618,992326517391053
-8.4911995,-13.847,-44.774,992326527392315
-8.601,-13.7006,-44.871597,992326537398174
-8.174,-13.920199,-45.0058,992326547393292
-8.588799,-13.4321995,-44.871597,992326557419578
-8.783999,-13.4688,-44.652,992326567402732
-8.6742,-13.664,-45.4694,992326577390810
-8.6986,-13.481,-44.6642,992326587391584
-8.662,-14.274,-45.6646,992326597390689
-9.089,-13.627399,-45.2376,992326607392723
-8.4058,-13.8714,-44.786198,992326617409976
-8.979199,-14.1276,-45.2376,992326627400089
-8.5766,-13.5664,-45.176598,992326637393416
-8.161799,-13.7494,-45.3108,992326647406315
-7.7957997,-13.7738,-44.835,992326657391707
-8.479,-13.8104,-45.079,992326667390446
-8.1496,-13.542,-45.4206,992326677390935
-7.9544,-13.883599,-45.2254,992326687390650
-8.356999,-13.529799,-45.506,992326697389267
-8.1496,-13.6152,-45.5182,992326707402044
-8.356999,-13.627399,-45.493797,992326717405828
-8.5644,-13.7982,-45.3718,992326727406642
-8.5766,-13.3468,-44.871597,992326737402411
-8.783999,-13.8592,-44.8472,992326747402411
-8.5644,-13.3468,-45.176598,992326757402533
-8.6498,-13.1516,-45.5792,992326767402656
-8.8694,-13.4688,-45.249798,992326777404691
-8.5766,-13.481,-44.871597,992326787405342
-8.967,-13.908,-45.445,992326797404121
-9.3818,-13.1882,-45.1156,992326807405546
-9.089,-13.395599,-44.627598,992326817405383
-9.1866,-13.0784,-45.0302,992326827405424
-9.174399,-13.359,-45.017998,992326837405302
-9.406199,-13.395599,-44.7984,992326847405221
-9.406199,-13.054,-44.8106,992326857393299
-9.3818,-13.3712,-45.3108,992326867405344
-8.8572,-13.8348,-45.5548,992326877405141
-9.698999,-12.8588,-44.9814,992326887398834
-8.9548,-12.8344,-45.4572,992326897420685
-8.8694,-12.9442,-45.4694,992326907421051
-9.3574,-13.200399,-45.725597,992326917420604
-8.967,-13.0906,-45.3474,992326927422476
-9.271999,-13.176,-45.2254,992326937426911
-9.1622,-12.8954,-45.5426,992326947401480
-9.2842,-13.115,-45.017998,992326957392732
-8.6376,-13.0174,-45.7866,992326967405102
-8.662,-13.0784,-44.9692,992326977390617
-8.9426,-13.2369995,-45.8598,992326987389152
-8.3326,-13.3712,-45.6036,992326997390170
-8.2472,-13.2369995,-45.3108,992327007389356
-8.3448,-13.2248,-45.3962,992327017388990
-9.1012,-12.8588,-44.835,992327027403273
-8.3204,-13.1882,-45.7012,992327037394769
-8.454599,-13.2369995,-45.3962,992327047388706
-8.4668,-13.4688,-45.2864,992327057400995
-8.052,-13.4078,-45.4328,992327067400710
-8.601,-13.395599,-44.6764,992327077388870
-8.3692,-13.7494,-45.2986,992327087404536
-8.0764,-13.261399,-44.8228,992327097404332
-8.2472,-13.176,-45.3108,992327107404699
-8.0764,-13.2736,-44.712997,992327117403071
-8.5766,-13.5542,-45.384,992327127404537
-8.3692,-13.1882,-45.201,992327137404374
-7.7469997,-13.3345995,-45.3596,992327147404252
-7.9788,-13.3834,-44.627598,992327157391639
-7.7714,-13.005199,-44.8472,992327167404293
-8.5766,-13.2858,-45.176598,992327177402870
-7.7591996,-13.2492,-45.1522,992327187397173
-8.2716,-13.0174,-44.9082,992327197404131
-8.3814,-14.0056,-44.9814,992327207403969
-8.3692,-13.2858,-45.201,992327217404213
-8.54,-13.2369995,-45.689,992327227404091
-8.4424,-13.2369995,-45.5914,992327237419879
-8.662,-13.2736,-45.5792,992327247417886
-8.454599,-13.0784,-45.2986,992327257401407
-8.8572,-12.8832,-45.4694,992327267419677
-8.7596,-12.7002,-45.3718,992327277404378
-8.2472,-12.773399,-45.1156,992327287403808
-8.6376,-13.0174,-45.3718,992327297403890
-8.723,-12.382999,-45.6768,992327307402222
-8.54,-12.675799,-45.2864,992327317403850
-9.1256,-13.2248,-46.1404,992327327403565
-8.454599,-12.6514,-45.091198,992327337403728
-9.174399,-12.4074,-44.9326,992327347414145
-9.0524,-12.870999,-45.2376,992327357398032
-10.1626,-12.1634,-45.3596,992327367392987
-9.5526,-12.4074,-45.408398,992327377386436
-10.3944,-12.1756,-44.9326,992327387412111
-9.9674,-12.1146,-45.176598,992327397423179
-10.248,-12.187799,-45.3474,992327407410281
-9.943,-12.0048,-45.5792,992327417399539
-10.5774,-12.078,-45.2254,992327427388146
-10.4676,-11.9438,-45.2254,992327437387170
-10.4798,-12.4196,-45.017998,992327447387170
-10.2114,-12.7246,-44.4324,992327457387252
-10.3822,-12.2244,-45.0302,992327467387781
-10.7848,-12.346399,-44.9936,992327477403243
-10.8702,-12.2366,-45.1888,992327487402999
-10.7848,-12.3342,-45.091198,992327497401616
-11.0654,-12.4074,-45.4694,992327507387049
-10.6628,-12.3098,-45.408398,992327517402959
-10.8824,-12.3098,-45.1888,992327527403041
-10.8702,-12.3952,-45.2864,992327537396205
-10.98,-12.2244,-44.774,992327547399217
-10.9678,-12.5904,-45.689,992327557398932
-11.1874,-12.4074,-45.0546,992327567416755
-11.285,-12.5294,-45.249798,992327577386563
-10.9556,-12.2732,-45.384,992327587402595
-11.0654,-12.578199,-45.2742,992327597386807
-11.5046,-12.443999,-44.8228,992327607402473
-11.6022,-12.3586,-45.1278,992327617402514
-11.6144,-12.4684,-44.6154,992327627400968
-11.5046,-12.078,-44.9326,992327637402474
-11.528999,-12.7246,-44.4202,992327647401986
-11.7973995,-12.4318,-45.0058,992327657402068
-11.9072,-12.7978,-44.8838,992327667402271
-11.8949995,-12.627,-45.201,992327677402190
-12.017,-12.5538,-44.5788,992327687402150
-11.7242,-12.8344,-44.5056,992327697400726
-12.1146,-12.7246,-44.774,992327707386485
-12.2122,-12.7368,-44.9692,992327717402151
-12.090199,-12.8588,-45.079,992327727401907
-12.3098,-12.5294,-44.7496,992327737386078
-12.187799,-12.322,-45.3718,992327747417451
-12.2244,-12.7246,-44.6642,992327757415498
-12.3098,-12.0658,-44.554398,992327767436291
-12.6147995,-12.627,-44.7252,992327777388765
-12.7246,-12.7002,-44.712997,992327787405855
-12.6147995,-12.3586,-44.7252,992327797385673
-12.7123995,-12.1756,-44.7252,992327807385714
-13.0296,-12.0048,-44.4934,992327817382093
-12.8832,-12.2732,-45.2132,992327827385674
-12.809999,-11.955999,-44.712997,992327837385837
-13.0174,-12.053599,-44.591,992327847385634
-13.0296,-12.1756,-44.286,992327857386081
-13.0418,-12.627,-44.286,992327867385797
-13.1394,-12.382999,-44.1762,992327877397882
-12.627,-12.2732,-44.4324,992327887397964
-12.7978,-12.2122,-45.017998,992327897398086
-12.8344,-12.480599,-44.5056,992327907400650
-13.0296,-12.090199,-44.4934,992327917397436
-13.2248,-12.627,-44.6764,992327927397192
-13.102799,-12.3952,-44.786198,992327937401668
-13.1272,-12.7123995,-44.481197,992327947404720
-13.115,-12.6026,-44.6764,992327957398942
-12.8222,-12.6026,-44.5056,992327967385230
-13.102799,-12.2976,-45.1888,992327977385108
-13.4688,-12.5538,-43.846798,992327987374692
-13.3468,-12.443999,-44.2616,992327997384946
-13.5542,-12.7246,-44.237198,992328007400693
-13.3224,-12.7123995,-44.859398,992328017394956
-12.6026,-12.6636,-44.9326,992328027400490
-13.102799,-12.3952,-44.786198,992328037396584
-13.1272,-12.6026,-44.786198,992328047404682
-13.2492,-13.0906,-44.5666,992328057397358
-12.8344,-12.907599,-44.700798,992328067397887
-13.4566,-13.0784,-44.4446,992328077384866
-12.932,-13.0174,-44.7984,992328087400288
-13.542,-13.2736,-44.835,992328097384745
-13.1516,-12.7246,-43.8712,992328107400573
-12.6514,-13.005199,-44.3104,992328117400248
-13.542,-13.0174,-44.7374,992328127400330
-13.2369995,-12.809999,-44.163998,992328137398947
-13.8592,-12.749,-44.103,992328147400127
-13.6396,-13.115,-44.7374,992328157382712
-13.4321995,-12.443999,-44.4568,992328167400087
-12.932,-12.8832,-44.4934,992328177400087
-13.7738,-13.054,-43.9078,992328187396466
-14.1642,-13.066199,-44.3836,992328197402529
-13.7128,-13.054,-45.1278,992328207385887
-13.724999,-13.0784,-44.9204,992328217385968
-13.5542,-13.0174,-44.3348,992328227384056
-13.5542,-12.8344,-43.8346,992328237385969
-13.066199,-13.0174,-44.078598,992328247383935
-13.5664,-12.8222,-44.0298,992328257407128
-13.5786,-13.1394,-43.7248,992328267384464
-13.2369995,-13.1882,-44.3592,992328277383976
-13.6518,-13.3224,-44.627598,992328287383732
-13.4444,-12.993,-44.237198,992328297384221
-13.8592,-12.8344,-44.3104,992328307383651
-13.7128,-13.102799,-43.4076,992328317383896
-13.5542,-13.493199,-44.225,992328327399847
-13.395599,-13.0784,-43.236797,992328337398138
-13.590799,-13.115,-43.7248,992328347399481
-13.6152,-13.395599,-43.4198,992328357403672
-13.883599,-13.0784,-43.798,992328367395819
-13.785999,-13.1516,-43.7126,992328377395413
-13.9934,-13.542,-43.7858,992328387396837
-13.883599,-13.261399,-43.700397,992328397395576
-14.396,-13.2736,-43.858997,992328407407458
-13.7738,-13.603,-44.3104,992328417415026
-13.7616,-13.2126,-44.2128,992328427383817
-13.6762,-13.5054,-44.0176,992328437399117
-13.883599,-12.9808,-44.005398,992328447398792
-14.091,-13.359,-43.676,992328457397652
-14.4936,-13.0784,-43.7492,992328467399036
-14.5789995,-13.054,-43.9444,992328477398955
-14.4814,-13.4321995,-44.042,992328487398915
-14.8962,-13.163799,-43.8102,992328497398874
-14.6765995,-13.1272,-44.0298,992328507398874
-14.1642,-13.1272,-44.3836,992328517398671
-14.3594,-13.261399,-44.163998,992328527412140
-14.7132,-13.176,-43.3222,992328537414826
-14.8962,-13.2369995,-43.9078,992328547414175
-14.8108,-13.7128,-43.309998,992328557380809
-14.5668,-13.261399,-44.237198,992328567395458
-14.3594,-13.481,-44.2616,992328577385448
-15.1036,-13.42,-43.688198,992328587382478
-14.884,-13.590799,-44.005398,992328597382763
-15.2987995,-13.3345995,-43.773598,992328607382520
-14.8962,-13.7128,-43.6028,992328617374422
-15.2012,-13.3224,-43.5784,992328627382642
-14.871799,-13.395599,-44.005398,992328637375196
-15.311,-13.3345995,-43.676,992328647386427
-15.615999,-13.4321995,-43.6394,992328657395379
-15.4939995,-13.3834,-43.6516,992328667385084
-15.518399,-13.5176,-43.4442,992328677382359
-15.2134,-13.5176,-43.2734,992328687382399
-15.2744,-13.7006,-43.9688,992328697382196
-15.7014,-12.773399,-43.541798,992328707381952
-15.5062,-13.4444,-43.858997,992328717382034
-15.4939995,-13.2369995,-43.9566,992328727382238
-15.006,-13.4321995,-43.5906,992328737381994
-15.5306,-13.4566,-43.1392,992328747382116
-15.6038,-13.542,-43.846798,992328757402502
-16.0186,-13.6152,-43.700397,992328767397864
-15.8112,-13.4688,-43.932198,992328777381873
-15.3354,-13.4321995,-43.1636,992328787397823
-15.4086,-13.3224,-43.7614,992328797397864
-15.1768,-13.493199,-44.286,992328807397743
-15.615999,-13.4566,-43.541798,992328817397661
-15.323199,-13.724999,-43.2612,992328827397580
-15.7136,-13.7006,-43.932198,992328837397581
-15.7258,-13.200399,-43.5296,992328847395913
-15.2378,-13.7494,-43.1636,992328857393838
-15.3963995,-13.8592,-43.9566,992328867413044
-15.847799,-13.883599,-43.4198,992328877413410
-15.4086,-14.2008,-43.9566,992328887413085
-15.323199,-13.7372,-43.456398,992328897413044
-15.554999,-13.5176,-42.944,992328907411010
-15.1158,-13.8104,-43.7858,992328917382039
-15.030399,-13.8348,-43.383198,992328927397257
-15.006,-13.883599,-43.5906,992328937397176
-14.884,-13.6152,-44.2128,992328947396810
-14.9206,-13.9446,-43.493,992328957397055
-15.311,-13.8958,-43.6638,992328967397014
-14.9206,-13.7616,-43.2978,992328977395672
-14.6156,-14.3594,-43.614998,992328987397096
-14.823,-13.8348,-43.5052,992328997396934
-14.603399,-13.981199,-43.7248,992329007380983
-14.798599,-13.7494,-43.8102,992329017376426
-14.310599,-13.8104,-43.554,992329027412315
-14.274,-13.4078,-44.0664,992329037375450
-14.2008,-13.6152,-43.456398,992329047393517
-14.091,-13.9567995,-43.773598,992329057392907
-14.274,-13.688399,-44.0664,992329067408247
-14.5912,-13.7128,-44.0298,992329077381188
-14.3838,-13.8714,-44.0542,992329087375167
-14.0788,-13.7738,-44.078598,992329097380497
-14.2618,-13.481,-44.163998,992329107380457
-13.7738,-13.603,-44.005398,992329117380254
-13.6518,-13.4566,-44.4202,992329127380701
-14.274,-13.200399,-44.163998,992329137380213
-13.981199,-13.603,-44.090797,992329147389694
-13.8714,-13.1394,-44.005398,992329157371872
-13.8714,-13.5786,-44.103,992329167380051
-13.8958,-13.0784,-43.493,992329177375861
-13.7738,-12.9564,-43.9078,992329187381028
-13.3712,-13.3224,-43.9444,992329197380215
-13.7616,-13.3712,-44.1152,992329207388516
-13.1516,-13.297999,-44.3714,992329217380215
-13.2492,-13.054,-44.2616,992329227394335
-12.8466,-13.297999,-44.1884,992329237381559
-12.7368,-13.2858,-44.2982,992329247398283
-12.5294,-13.4688,-44.627598,992329257374235
-12.5171995,-13.066199,-44.627598,992329267395475
-12.248799,-13.102799,-44.249397,992329277395435
-12.322,-13.297999,-44.8472,992329287395435
-12.322,-13.2736,-44.6398,992329297393808
-12.248799,-13.297999,-44.1396,992329307395354
-12.4562,-13.4078,-44.322598,992329317395233
-12.0048,-13.4321995,-45.176598,992329327395518
-12.151199,-13.1516,-44.2616,992329337395233
-11.8218,-13.395599,-44.896,992329347392711
-11.9316,-13.200399,-44.481197,992329357409963
-12.2244,-13.005199,-44.859398,992329367410859
-12.139,-13.0174,-44.1518,992329377410737
-12.261,-13.0418,-43.9444,992329387410737
-12.3586,-12.9564,-43.8346,992329397410412
-12.0048,-13.102799,-45.079,992329407425630
-12.3342,-12.749,-44.4446,992329417393485
-12.322,-12.627,-44.554398,992329427394381
-12.3342,-12.9198,-44.347,992329437395195
-11.9316,-12.566,-44.3836,992329447394707
-12.0414,-13.054,-44.2738,992329457394707
-12.2366,-12.8588,-44.4568,992329467385796
-12.346399,-12.566,-44.042,992329477402561
-12.2244,-12.6514,-44.554398,992329487379775
-12.2244,-12.6514,-44.6642,992329497380467
-12.2122,-13.0784,-44.957,992329507388198
-12.4318,-12.6392,-44.5422,992329517372573
-12.2122,-13.0784,-45.1644,992329527391820
-12.2,-12.8954,-44.859398,992329537382421
-12.3342,-12.2732,-44.249397,992329547390884
-12.3952,-12.5904,-45.249798,992329557391210
-11.9925995,-12.505,-44.786198,992329567378597
-12.0292,-12.4196,-44.3714,992329577378556
-12.7368,-12.4928,-44.5178,992329587381730
-12.322,-12.4196,-44.652,992329597378435
-12.3342,-12.4684,-44.1518,992329607394182
-12.5171995,-12.346399,-44.6398,992329617378557
-12.8832,-12.6636,-45.3108,992329627394182
-12.3098,-12.578199,-44.7496,992329637394305
-12.480599,-12.4928,-45.249798,992329647394102
-12.261,-12.907599,-45.566998,992329657394061
-12.5904,-12.5538,-45.2376,992329667394143
-12.3952,-12.382999,-44.944798,992329677392759
-12.1024,-12.8466,-44.468998,992329687394021
-12.0048,-12.382999,-44.481197,992329697393981
-12.1024,-12.2122,-44.9814,992329707394184
-11.7973995,-12.8588,-44.7984,992329717394063
-11.6876,-12.566,-44.9082,992329727393900
-11.9804,-12.443999,-45.2864,992329737392680
-11.6876,-12.2,-44.712997,992329747393616
-11.7973995,-12.480599,-44.700798,992329757392233
-12.0048,-12.0292,-44.3836,992329767393616
-12.3098,-12.3342,-44.859398,992329777393779
-11.8949995,-12.480599,-44.896,992329787378277
-12.6026,-11.760799,-44.7374,992329797393698
-11.7973995,-12.0292,-44.9082,992329807391786
-12.0658,-11.9072,-45.384,992329817393455
-11.7852,-11.9804,-44.9082,992329827393374
-12.187799,-11.9925995,-44.774,992329837407860
-12.3952,-12.1024,-45.1522,992329847390200
-12.7123995,-12.248799,-44.8228,992329857412946
-12.1756,-11.431399,-45.079,992329867407046
-12.2976,-11.773,-44.6642,992329877409000
-11.9804,-11.7973995,-44.9936,992329887422875
-12.1024,-12.139,-44.774,992329897405501
-12.285399,-11.651,-44.871597,992329907382186
-12.4074,-11.858399,-44.554398,992329917370956
-12.5294,-12.346399,-44.3348,992329927383326
-11.773,-11.773,-45.1156,992329937377060
-12.480599,-11.5412,-45.261997,992329947377548
-12.382999,-11.1996,-44.859398,992329957377304
-12.7123995,-11.8462,-44.627598,992329967377060
-13.200399,-12.053599,-45.1888,992329977377101
-12.8832,-11.712,-45.017998,992329987376979
-12.8954,-12.0048,-44.9082,992329997391506
-12.8832,-11.3582,-45.1278,992330007388943
-12.870999,-11.333799,-45.1278,992330017388740
-13.297999,-11.651,-45.079,992330027388943
-12.7612,-11.7486,-45.5304,992330037396105
-12.688,-11.4436,-44.9326,992330047388903
-12.578199,-11.6144,-44.835,992330057388903
-12.809999,-12.285399,-44.6154,992330067376615
-12.688,-12.1024,-45.335197,992330077392647
-12.6026,-12.1268,-45.0424,992330087392566
-12.993,-11.8462,-45.0058,992330097392404
-12.7612,-11.9072,-45.4328,992330107392445
-12.578199,-11.9925995,-45.14,992330117376535
-12.675799,-11.6144,-45.14,992330127390980
-13.1882,-11.528999,-45.091198,992330137384511
-12.6636,-11.6998,-45.445,992330147392079
-12.5904,-11.5168,-44.6398,992330157392283
-12.4684,-11.3216,-45.1522,992330167392161
-12.5416,-11.3826,-45.7622,992330177392162
-12.566,-11.6876,-45.3474,992330187390697
-12.566,-11.5778,-45.14,992330197392244
-12.0658,-11.1264,-44.896,992330207392162
-12.4684,-11.4192,-45.0546,992330217392000
-12.2732,-11.3216,-44.871597,992330227391959
-12.5538,-11.370399,-45.5548,992330237374097
-12.6392,-10.7238,-45.8598,992330247391634
-12.322,-11.0532,-45.6768,992330257390373
-12.5538,-10.9922,-45.3596,992330267391920
-12.139,-10.6872,-45.493797,992330277391879
-12.5538,-10.8946,-45.249798,992330287375929
-12.6392,-10.906799,-45.445,992330297391717
-12.749,-10.5286,-45.14,992330307402337
-12.6392,-10.431,-45.3596,992330317376744
-12.7246,-10.1992,-45.6524,992330327372553
-12.6147995,-9.9186,-45.566998,992330337403396
-12.7856,-10.065,-46.1526,992330347387364
-12.5538,-10.223599,-44.957,992330357387568
-12.7123995,-10.004,-45.7622,992330367387731
-13.3345995,-9.991799,-45.7012,992330377400305
-12.9442,-9.7234,-45.1278,992330387387935
-12.8588,-10.1626,-44.835,992330397375362
-13.2369995,-9.8698,-45.408398,992330407375362
-13.3345995,-9.6502,-45.2986,992330417375403
-13.0174,-9.76,-45.5304,992330427375241
-12.5171995,-9.7234,-45.1644,992330437375363
-12.7368,-9.3208,-45.0546,992330447375079
-12.7612,-9.882,-44.944798,992330457378131
-12.9564,-9.6502,-45.14,992330467391030
-12.870999,-9.6624,-44.7374,992330477391030
-12.8588,-9.5404,-44.7374,992330487390949
